{
  "total_trades": 1256,
  "winning_trades": 980,
  "losing_trades": 276,
  "win_rate": 78.03,
  "total_profit": 59867.1,
  "final_balance": 60867.1,
  "return_pct": 5986.71,
  "profit_factor": 19.14,
  "max_drawdown": 47.489292469237625,
  "max_drawdown_pct": 1.762353599416918,
  "avg_win": 64.46,
  "avg_loss": -11.96,
  "largest_win": 712.97,
  "largest_loss": -12.25,
  "avg_bars_held": 1.4,
  "total_commission": 2185.26
}