{
  "total_trades": 1240,
  "winning_trades": 968,
  "losing_trades": 272,
  "win_rate": 78.06,
  "total_profit": 58697.78,
  "final_balance": 59697.78,
  "return_pct": 5869.78,
  "profit_factor": 19.11,
  "max_drawdown": 25.95728356450968,
  "max_drawdown_pct": 1.5970803328389171,
  "avg_win": 63.99,
  "avg_loss": -11.92,
  "largest_win": 712.62,
  "largest_loss": -12.25,
  "avg_bars_held": 1.4,
  "total_commission": 2151.1
}