{
  "total_trades": 1240,
  "winning_trades": 968,
  "losing_trades": 272,
  "win_rate": 78.06,
  "total_profit": 246433.06,
  "final_balance": 247433.06,
  "return_pct": 24643.31,
  "profit_factor": 17.43,
  "max_drawdown": 25.841388841004346,
  "max_drawdown_pct": 1.5899631397975067,
  "avg_win": 270.08,
  "avg_loss": -55.16,
  "largest_win": 3564.08,
  "largest_loss": -61.25,
  "avg_bars_held": 1.4,
  "total_commission": 9624.965
}