{
  "total_trades": 1400,
  "winning_trades": 1104,
  "losing_trades": 296,
  "win_rate": 78.86,
  "total_profit": 69958.12,
  "final_balance": 70958.12,
  "return_pct": 6995.81,
  "profit_factor": 20.86,
  "max_drawdown": 36.381000842287904,
  "max_drawdown_pct": 0.7700020267884219,
  "avg_win": 66.56,
  "avg_loss": -11.9,
  "largest_win": 713.3,
  "largest_loss": -12.25,
  "avg_bars_held": 1.4,
  "total_commission": 2432.08
}