{
  "total_trades": 1400,
  "winning_trades": 1104,
  "losing_trades": 296,
  "win_rate": 78.86,
  "total_profit": 69948.22,
  "final_balance": 70948.22,
  "return_pct": 6994.82,
  "profit_factor": 20.82,
  "max_drawdown": 35.98500695850271,
  "max_drawdown_pct": 0.7616987379559215,
  "avg_win": 66.56,
  "avg_loss": -11.92,
  "largest_win": 713.63,
  "largest_loss": -12.25,
  "avg_bars_held": 1.4,
  "total_commission": 2432.08
}