{
  "total_trades": 1400,
  "winning_trades": 1104,
  "losing_trades": 296,
  "win_rate": 78.86,
  "total_profit": 69975.94,
  "final_balance": 70975.94,
  "return_pct": 6997.59,
  "profit_factor": 20.86,
  "max_drawdown": 35.98222424100095,
  "max_drawdown_pct": 0.7570387134827099,
  "avg_win": 66.58,
  "avg_loss": -11.9,
  "largest_win": 713.24,
  "largest_loss": -12.25,
  "avg_bars_held": 1.4,
  "total_commission": 2432.5699999999997
}