{
  "total_trades": 1400,
  "winning_trades": 1104,
  "losing_trades": 296,
  "win_rate": 78.86,
  "total_profit": 69949.39,
  "final_balance": 70949.39,
  "return_pct": 6994.94,
  "profit_factor": 20.87,
  "max_drawdown": 36.10735422810103,
  "max_drawdown_pct": 0.7643044677796839,
  "avg_win": 66.55,
  "avg_loss": -11.89,
  "largest_win": 713.6,
  "largest_loss": -12.25,
  "avg_bars_held": 1.4,
  "total_commission": 2431.94
}