{
  "total_trades": 75,
  "winning_trades": 40,
  "losing_trades": 35,
  "win_rate": 53.33,
  "total_profit": 4695.48,
  "final_balance": 5695.48,
  "return_pct": 469.55,
  "profit_factor": 9.84,
  "max_drawdown": 163.78000000000839,
  "max_drawdown_pct": 4.44715976974143,
  "avg_win": 130.67,
  "avg_loss": -15.18,
  "largest_win": 805.0399999998895,
  "largest_loss": -69.22499999999953,
  "avg_bars_held": 28.3,
  "total_commission": 49.94500000000001
}