{
  "total_trades": 148,
  "winning_trades": 124,
  "losing_trades": 24,
  "win_rate": 83.78,
  "total_profit": -313.76,
  "final_balance": 686.24,
  "return_pct": -31.38,
  "profit_factor": 0.02,
  "max_drawdown": 314.45500000001834,
  "max_drawdown_pct": 31.42460263924664,
  "avg_win": 0.04,
  "avg_loss": -13.3,
  "largest_win": 0.21000000000098226,
  "largest_loss": -49.664999999999196,
  "avg_bars_held": 3.1,
  "total_commission": 6.860000000000015
}