{
  "total_trades": 1240,
  "winning_trades": 968,
  "losing_trades": 272,
  "win_rate": 78.06,
  "total_profit": 57734.7,
  "final_balance": 58734.7,
  "return_pct": 5773.47,
  "profit_factor": 18.78,
  "max_drawdown": 26.207006547746687,
  "max_drawdown_pct": 1.6230855777341755,
  "avg_win": 63.0,
  "avg_loss": -11.94,
  "largest_win": 711.78,
  "largest_loss": -12.25,
  "avg_bars_held": 1.4,
  "total_commission": 2150.96
}