{
  "total_trades": 1240,
  "winning_trades": 968,
  "losing_trades": 272,
  "win_rate": 78.06,
  "total_profit": 56758.41,
  "final_balance": 57758.41,
  "return_pct": 5675.84,
  "profit_factor": 18.5,
  "max_drawdown": 25.696630168222327,
  "max_drawdown_pct": 1.6092134754255625,
  "avg_win": 61.99,
  "avg_loss": -11.92,
  "largest_win": 710.91,
  "largest_loss": -12.25,
  "avg_bars_held": 1.4,
  "total_commission": 2150.645
}